[
  {
    "rolId": 1563,
    "aplicacionId": 1110
  },
  {
    "rolId": 1530,
    "aplicacionId": 1103
  },
  {
    "rolId": 1191,
    "aplicacionId": 1009
  },
  {
    "rolId": 1450,
    "aplicacionId": 1059
  },
  {
    "rolId": 1305,
    "aplicacionId": 1017
  },
  {
    "rolId": 1572,
    "aplicacionId": 1110
  },
  {
    "rolId": 1382,
    "aplicacionId": 1054
  },
  {
    "rolId": 1328,
    "aplicacionId": 1017
  },
  {
    "rolId": 1015,
    "aplicacionId": 1001
  },
  {
    "rolId": 1029,
    "aplicacionId": 1044
  },
  {
    "rolId": 1605,
    "aplicacionId": 1009
  },
  {
    "rolId": 1336,
    "aplicacionId": 1046
  },
  {
    "rolId": 1464,
    "aplicacionId": 1059
  },
  {
    "rolId": 1559,
    "aplicacionId": 1077
  },
  {
    "rolId": 1321,
    "aplicacionId": 1017
  },
  {
    "rolId": 1159,
    "aplicacionId": 1001
  },
  {
    "rolId": 1151,
    "aplicacionId": 1001
  },
  {
    "rolId": 1435,
    "aplicacionId": 1054
  },
  {
    "rolId": 1355,
    "aplicacionId": 1001
  },
  {
    "rolId": 1135,
    "aplicacionId": 1001
  },
  {
    "rolId": 1374,
    "aplicacionId": 10
  },
  {
    "rolId": 1142,
    "aplicacionId": 1023
  },
  {
    "rolId": 1316,
    "aplicacionId": 1017
  },
  {
    "rolId": 1158,
    "aplicacionId": 1001
  },
  {
    "rolId": 1566,
    "aplicacionId": 1111
  },
  {
    "rolId": 1604,
    "aplicacionId": 1118
  },
  {
    "rolId": 1471,
    "aplicacionId": 1065
  },
  {
    "rolId": 1557,
    "aplicacionId": 1068
  },
  {
    "rolId": 1573,
    "aplicacionId": 1115
  },
  {
    "rolId": 1110,
    "aplicacionId": 1001
  },
  {
    "rolId": 1115,
    "aplicacionId": 1027
  },
  {
    "rolId": 1574,
    "aplicacionId": 1110
  },
  {
    "rolId": 1224,
    "aplicacionId": 1039
  },
  {
    "rolId": 1526,
    "aplicacionId": 1102
  },
  {
    "rolId": 1591,
    "aplicacionId": 1120
  },
  {
    "rolId": 1534,
    "aplicacionId": 1104
  },
  {
    "rolId": 1301,
    "aplicacionId": 1017
  },
  {
    "rolId": 1352,
    "aplicacionId": 1046
  },
  {
    "rolId": 1377,
    "aplicacionId": 1046
  },
  {
    "rolId": 1582,
    "aplicacionId": 57
  },
  {
    "rolId": 1210,
    "aplicacionId": 1033
  },
  {
    "rolId": 1512,
    "aplicacionId": 1080
  },
  {
    "rolId": 1315,
    "aplicacionId": 1017
  },
  {
    "rolId": 1585,
    "aplicacionId": 1114
  },
  {
    "rolId": 1011,
    "aplicacionId": 1001
  },
  {
    "rolId": 1211,
    "aplicacionId": 1014
  },
  {
    "rolId": 1156,
    "aplicacionId": 1001
  },
  {
    "rolId": 1593,
    "aplicacionId": 1080
  },
  {
    "rolId": 1523,
    "aplicacionId": 1101
  },
  {
    "rolId": 1360,
    "aplicacionId": 1048
  },
  {
    "rolId": 1242,
    "aplicacionId": 1001
  },
  {
    "rolId": 1188,
    "aplicacionId": 1009
  },
  {
    "rolId": 1393,
    "aplicacionId": 1059
  },
  {
    "rolId": 1457,
    "aplicacionId": 1059
  },
  {
    "rolId": 1373,
    "aplicacionId": 9
  },
  {
    "rolId": 1487,
    "aplicacionId": 1068
  },
  {
    "rolId": 1601,
    "aplicacionId": 1017
  },
  {
    "rolId": 1527,
    "aplicacionId": 1102
  },
  {
    "rolId": 1216,
    "aplicacionId": 1009
  },
  {
    "rolId": 1215,
    "aplicacionId": 1009
  },
  {
    "rolId": 1069,
    "aplicacionId": 1024
  },
  {
    "rolId": 1599,
    "aplicacionId": 1113
  },
  {
    "rolId": 1023,
    "aplicacionId": 1001
  },
  {
    "rolId": 1625,
    "aplicacionId": 1133
  },
  {
    "rolId": 1386,
    "aplicacionId": 1054
  },
  {
    "rolId": 1385,
    "aplicacionId": 1054
  },
  {
    "rolId": 1468,
    "aplicacionId": 1065
  },
  {
    "rolId": 1033,
    "aplicacionId": 1001
  },
  {
    "rolId": 1160,
    "aplicacionId": 1028
  },
  {
    "rolId": 1627,
    "aplicacionId": 1121
  },
  {
    "rolId": 1426,
    "aplicacionId": 1014
  },
  {
    "rolId": 1045,
    "aplicacionId": 1014
  },
  {
    "rolId": 1570,
    "aplicacionId": 1113
  },
  {
    "rolId": 1567,
    "aplicacionId": 1111
  },
  {
    "rolId": 1529,
    "aplicacionId": 1103
  },
  {
    "rolId": 1356,
    "aplicacionId": 1046
  },
  {
    "rolId": 1193,
    "aplicacionId": 1009
  },
  {
    "rolId": 1465,
    "aplicacionId": 1063
  },
  {
    "rolId": 1584,
    "aplicacionId": 57
  },
  {
    "rolId": 1546,
    "aplicacionId": 52
  },
  {
    "rolId": 1048,
    "aplicacionId": 1014
  },
  {
    "rolId": 1504,
    "aplicacionId": 1080
  },
  {
    "rolId": 1312,
    "aplicacionId": 1017
  },
  {
    "rolId": 1143,
    "aplicacionId": 1023
  },
  {
    "rolId": 1541,
    "aplicacionId": 1080
  },
  {
    "rolId": 1551,
    "aplicacionId": 1017
  },
  {
    "rolId": 1576,
    "aplicacionId": 1116
  },
  {
    "rolId": 1475,
    "aplicacionId": 1068
  },
  {
    "rolId": 1372,
    "aplicacionId": 27
  },
  {
    "rolId": 1313,
    "aplicacionId": 1017
  },
  {
    "rolId": 1243,
    "aplicacionId": 1009
  },
  {
    "rolId": 1357,
    "aplicacionId": 1046
  },
  {
    "rolId": 1040,
    "aplicacionId": 1001
  },
  {
    "rolId": 1626,
    "aplicacionId": 1133
  },
  {
    "rolId": 1302,
    "aplicacionId": 1017
  },
  {
    "rolId": 1177,
    "aplicacionId": 1015
  },
  {
    "rolId": 1429,
    "aplicacionId": 1001
  },
  {
    "rolId": 1577,
    "aplicacionId": 1110
  },
  {
    "rolId": 1580,
    "aplicacionId": 1110
  },
  {
    "rolId": 1622,
    "aplicacionId": 1130
  },
  {
    "rolId": 1155,
    "aplicacionId": 1001
  },
  {
    "rolId": 1564,
    "aplicacionId": 1115
  },
  {
    "rolId": 1214,
    "aplicacionId": 1009
  },
  {
    "rolId": 1614,
    "aplicacionId": 1126
  },
  {
    "rolId": 1504,
    "aplicacionId": 1068
  },
  {
    "rolId": 1249,
    "aplicacionId": 1001
  },
  {
    "rolId": 1528,
    "aplicacionId": 1102
  },
  {
    "rolId": 1237,
    "aplicacionId": 1017
  },
  {
    "rolId": 1516,
    "aplicacionId": 1101
  },
  {
    "rolId": 1603,
    "aplicacionId": 1122
  },
  {
    "rolId": 1096,
    "aplicacionId": 1014
  },
  {
    "rolId": 1379,
    "aplicacionId": 1023
  },
  {
    "rolId": 1131,
    "aplicacionId": 1001
  },
  {
    "rolId": 1566,
    "aplicacionId": 1110
  },
  {
    "rolId": 1463,
    "aplicacionId": 1064
  },
  {
    "rolId": 1221,
    "aplicacionId": 1037
  },
  {
    "rolId": 1383,
    "aplicacionId": 1054
  },
  {
    "rolId": 1371,
    "aplicacionId": 1009
  },
  {
    "rolId": 1555,
    "aplicacionId": 1108
  },
  {
    "rolId": 1346,
    "aplicacionId": 1009
  },
  {
    "rolId": 1118,
    "aplicacionId": 1023
  },
  {
    "rolId": 1535,
    "aplicacionId": 1104
  },
  {
    "rolId": 1358,
    "aplicacionId": 1001
  },
  {
    "rolId": 1217,
    "aplicacionId": 1009
  },
  {
    "rolId": 1182,
    "aplicacionId": 1009
  },
  {
    "rolId": 1592,
    "aplicacionId": 1080
  },
  {
    "rolId": 1028,
    "aplicacionId": 1044
  },
  {
    "rolId": 1230,
    "aplicacionId": 1042
  },
  {
    "rolId": 1020,
    "aplicacionId": 1001
  },
  {
    "rolId": 1513,
    "aplicacionId": 1046
  },
  {
    "rolId": 1521,
    "aplicacionId": 1080
  },
  {
    "rolId": 1550,
    "aplicacionId": 1014
  },
  {
    "rolId": 1481,
    "aplicacionId": 1017
  },
  {
    "rolId": 1248,
    "aplicacionId": 1001
  },
  {
    "rolId": 1172,
    "aplicacionId": 1015
  },
  {
    "rolId": 1581,
    "aplicacionId": 1110
  },
  {
    "rolId": 1598,
    "aplicacionId": 1114
  },
  {
    "rolId": 1486,
    "aplicacionId": 1068
  },
  {
    "rolId": 1130,
    "aplicacionId": 1001
  },
  {
    "rolId": 1229,
    "aplicacionId": 1042
  },
  {
    "rolId": 1190,
    "aplicacionId": 1009
  },
  {
    "rolId": 1300,
    "aplicacionId": 1017
  },
  {
    "rolId": 1192,
    "aplicacionId": 1009
  },
  {
    "rolId": 1609,
    "aplicacionId": 52
  },
  {
    "rolId": 1120,
    "aplicacionId": 1024
  },
  {
    "rolId": 1496,
    "aplicacionId": 1080
  },
  {
    "rolId": 1474,
    "aplicacionId": 1059
  },
  {
    "rolId": 1010,
    "aplicacionId": 1001
  },
  {
    "rolId": 1518,
    "aplicacionId": 1080
  },
  {
    "rolId": 1512,
    "aplicacionId": 1068
  },
  {
    "rolId": 1335,
    "aplicacionId": 1046
  },
  {
    "rolId": 1469,
    "aplicacionId": 1065
  },
  {
    "rolId": 1169,
    "aplicacionId": 1009
  },
  {
    "rolId": 1571,
    "aplicacionId": 1110
  },
  {
    "rolId": 1150,
    "aplicacionId": 1001
  },
  {
    "rolId": 1461,
    "aplicacionId": 1062
  },
  {
    "rolId": 1440,
    "aplicacionId": 1001
  },
  {
    "rolId": 1361,
    "aplicacionId": 1048
  },
  {
    "rolId": 1451,
    "aplicacionId": 1059
  },
  {
    "rolId": 1334,
    "aplicacionId": 1046
  },
  {
    "rolId": 1570,
    "aplicacionId": 1110
  },
  {
    "rolId": 1389,
    "aplicacionId": 1055
  },
  {
    "rolId": 1224,
    "aplicacionId": 1040
  },
  {
    "rolId": 1587,
    "aplicacionId": 1114
  },
  {
    "rolId": 1187,
    "aplicacionId": 1009
  },
  {
    "rolId": 1160,
    "aplicacionId": 1008
  },
  {
    "rolId": 1007,
    "aplicacionId": 1001
  },
  {
    "rolId": 1452,
    "aplicacionId": 1060
  },
  {
    "rolId": 1437,
    "aplicacionId": 1054
  },
  {
    "rolId": 1209,
    "aplicacionId": 1033
  },
  {
    "rolId": 1189,
    "aplicacionId": 1009
  },
  {
    "rolId": 1157,
    "aplicacionId": 1001
  },
  {
    "rolId": 1514,
    "aplicacionId": 1080
  },
  {
    "rolId": 1180,
    "aplicacionId": 1009
  },
  {
    "rolId": 1236,
    "aplicacionId": 1017
  },
  {
    "rolId": 1564,
    "aplicacionId": 1110
  },
  {
    "rolId": 1368,
    "aplicacionId": 1046
  },
  {
    "rolId": 1035,
    "aplicacionId": 1001
  },
  {
    "rolId": 1014,
    "aplicacionId": 1001
  },
  {
    "rolId": 1485,
    "aplicacionId": 1068
  },
  {
    "rolId": 1353,
    "aplicacionId": 1001
  },
  {
    "rolId": 1476,
    "aplicacionId": 1068
  },
  {
    "rolId": 1161,
    "aplicacionId": 1025
  },
  {
    "rolId": 1536,
    "aplicacionId": 1104
  },
  {
    "rolId": 1115,
    "aplicacionId": 1007
  },
  {
    "rolId": 1608,
    "aplicacionId": 1014
  },
  {
    "rolId": 1575,
    "aplicacionId": 1110
  },
  {
    "rolId": 1538,
    "aplicacionId": 1080
  },
  {
    "rolId": 1561,
    "aplicacionId": 1110
  },
  {
    "rolId": 1227,
    "aplicacionId": 1001
  },
  {
    "rolId": 1322,
    "aplicacionId": 1017
  },
  {
    "rolId": 1213,
    "aplicacionId": 1009
  },
  {
    "rolId": 1181,
    "aplicacionId": 1009
  },
  {
    "rolId": 1240,
    "aplicacionId": 1001
  },
  {
    "rolId": 1238,
    "aplicacionId": 1001
  },
  {
    "rolId": 1004,
    "aplicacionId": 1001
  },
  {
    "rolId": 1583,
    "aplicacionId": 57
  },
  {
    "rolId": 1439,
    "aplicacionId": 1001
  },
  {
    "rolId": 1019,
    "aplicacionId": 1001
  },
  {
    "rolId": 1617,
    "aplicacionId": 1017
  },
  {
    "rolId": 1597,
    "aplicacionId": 1113
  },
  {
    "rolId": 1462,
    "aplicacionId": 1063
  },
  {
    "rolId": 1364,
    "aplicacionId": 1009
  },
  {
    "rolId": 1543,
    "aplicacionId": 1080
  },
  {
    "rolId": 1615,
    "aplicacionId": 1001
  },
  {
    "rolId": 1119,
    "aplicacionId": 1023
  },
  {
    "rolId": 1589,
    "aplicacionId": 1118
  },
  {
    "rolId": 1005,
    "aplicacionId": 1001
  },
  {
    "rolId": 1018,
    "aplicacionId": 1001
  },
  {
    "rolId": 1381,
    "aplicacionId": 1054
  },
  {
    "rolId": 1595,
    "aplicacionId": 1113
  },
  {
    "rolId": 1354,
    "aplicacionId": 1001
  },
  {
    "rolId": 1245,
    "aplicacionId": 1046
  },
  {
    "rolId": 1590,
    "aplicacionId": 1118
  },
  {
    "rolId": 1573,
    "aplicacionId": 1110
  },
  {
    "rolId": 1600,
    "aplicacionId": 1114
  },
  {
    "rolId": 1008,
    "aplicacionId": 1001
  },
  {
    "rolId": 1509,
    "aplicacionId": 48
  },
  {
    "rolId": 1329,
    "aplicacionId": 1017
  },
  {
    "rolId": 1539,
    "aplicacionId": 1068
  },
  {
    "rolId": 1226,
    "aplicacionId": 1009
  },
  {
    "rolId": 1134,
    "aplicacionId": 1001
  },
  {
    "rolId": 1563,
    "aplicacionId": 1115
  },
  {
    "rolId": 1579,
    "aplicacionId": 1110
  },
  {
    "rolId": 1532,
    "aplicacionId": 1103
  },
  {
    "rolId": 1241,
    "aplicacionId": 1023
  },
  {
    "rolId": 1030,
    "aplicacionId": 1044
  },
  {
    "rolId": 1578,
    "aplicacionId": 1116
  },
  {
    "rolId": 1610,
    "aplicacionId": 1124
  },
  {
    "rolId": 1370,
    "aplicacionId": 1049
  },
  {
    "rolId": 1540,
    "aplicacionId": 1080
  },
  {
    "rolId": 1314,
    "aplicacionId": 1017
  },
  {
    "rolId": 1365,
    "aplicacionId": 1009
  },
  {
    "rolId": 1327,
    "aplicacionId": 1017
  },
  {
    "rolId": 1303,
    "aplicacionId": 1017
  },
  {
    "rolId": 1522,
    "aplicacionId": 1101
  },
  {
    "rolId": 1466,
    "aplicacionId": 1046
  },
  {
    "rolId": 1025,
    "aplicacionId": 1001
  },
  {
    "rolId": 1179,
    "aplicacionId": 1009
  },
  {
    "rolId": 1537,
    "aplicacionId": 1068
  },
  {
    "rolId": 1531,
    "aplicacionId": 1103
  },
  {
    "rolId": 1569,
    "aplicacionId": 1110
  },
  {
    "rolId": 1524,
    "aplicacionId": 1101
  },
  {
    "rolId": 1545,
    "aplicacionId": 1068
  },
  {
    "rolId": 1363,
    "aplicacionId": 1046
  },
  {
    "rolId": 1220,
    "aplicacionId": 1009
  },
  {
    "rolId": 1369,
    "aplicacionId": 1048
  },
  {
    "rolId": 1141,
    "aplicacionId": 1023
  },
  {
    "rolId": 1006,
    "aplicacionId": 1001
  },
  {
    "rolId": 1547,
    "aplicacionId": 1106
  },
  {
    "rolId": 1234,
    "aplicacionId": 1044
  },
  {
    "rolId": 1495,
    "aplicacionId": 1024
  },
  {
    "rolId": 1578,
    "aplicacionId": 1110
  },
  {
    "rolId": 1562,
    "aplicacionId": 1110
  },
  {
    "rolId": 1183,
    "aplicacionId": 1009
  },
  {
    "rolId": 1521,
    "aplicacionId": 1068
  },
  {
    "rolId": 1438,
    "aplicacionId": 1054
  },
  {
    "rolId": 1562,
    "aplicacionId": 1115
  },
  {
    "rolId": 1525,
    "aplicacionId": 1102
  },
  {
    "rolId": 1575,
    "aplicacionId": 1116
  },
  {
    "rolId": 1607,
    "aplicacionId": 1123
  },
  {
    "rolId": 1024,
    "aplicacionId": 1001
  },
  {
    "rolId": 1367,
    "aplicacionId": 1009
  },
  {
    "rolId": 1565,
    "aplicacionId": 1115
  },
  {
    "rolId": 1306,
    "aplicacionId": 1017
  },
  {
    "rolId": 1517,
    "aplicacionId": 1101
  },
  {
    "rolId": 1186,
    "aplicacionId": 1009
  },
  {
    "rolId": 1307,
    "aplicacionId": 1017
  },
  {
    "rolId": 1173,
    "aplicacionId": 1017
  },
  {
    "rolId": 1177,
    "aplicacionId": 1009
  },
  {
    "rolId": 1581,
    "aplicacionId": 1113
  },
  {
    "rolId": 1568,
    "aplicacionId": 1110
  },
  {
    "rolId": 1448,
    "aplicacionId": 1015
  },
  {
    "rolId": 1330,
    "aplicacionId": 1046
  },
  {
    "rolId": 1244,
    "aplicacionId": 1023
  },
  {
    "rolId": 1624,
    "aplicacionId": 1133
  },
  {
    "rolId": 1456,
    "aplicacionId": 1059
  },
  {
    "rolId": 1247,
    "aplicacionId": 1014
  },
  {
    "rolId": 1376,
    "aplicacionId": 1023
  },
  {
    "rolId": 1337,
    "aplicacionId": 1046
  },
  {
    "rolId": 1170,
    "aplicacionId": 1009
  },
  {
    "rolId": 1602,
    "aplicacionId": 1121
  },
  {
    "rolId": 1127,
    "aplicacionId": 1023
  },
  {
    "rolId": 1144,
    "aplicacionId": 1023
  },
  {
    "rolId": 1387,
    "aplicacionId": 1054
  },
  {
    "rolId": 1460,
    "aplicacionId": 1051
  },
  {
    "rolId": 1571,
    "aplicacionId": 1114
  },
  {
    "rolId": 1455,
    "aplicacionId": 1051
  },
  {
    "rolId": 1185,
    "aplicacionId": 1009
  },
  {
    "rolId": 1606,
    "aplicacionId": 1009
  },
  {
    "rolId": 1576,
    "aplicacionId": 1110
  },
  {
    "rolId": 1542,
    "aplicacionId": 1106
  },
  {
    "rolId": 1596,
    "aplicacionId": 1114
  },
  {
    "rolId": 1588,
    "aplicacionId": 1114
  },
  {
    "rolId": 1556,
    "aplicacionId": 1108
  },
  {
    "rolId": 1458,
    "aplicacionId": 1046
  },
  {
    "rolId": 1574,
    "aplicacionId": 1115
  },
  {
    "rolId": 1568,
    "aplicacionId": 1113
  },
  {
    "rolId": 1034,
    "aplicacionId": 1001
  },
  {
    "rolId": 1449,
    "aplicacionId": 1057
  },
  {
    "rolId": 1239,
    "aplicacionId": 1001
  },
  {
    "rolId": 1223,
    "aplicacionId": 1017
  },
  {
    "rolId": 1168,
    "aplicacionId": 1009
  },
  {
    "rolId": 1177,
    "aplicacionId": 2
  },
  {
    "rolId": 1176,
    "aplicacionId": 1001
  },
  {
    "rolId": 1433,
    "aplicacionId": 1001
  },
  {
    "rolId": 1304,
    "aplicacionId": 1017
  },
  {
    "rolId": 1497,
    "aplicacionId": 1077
  },
  {
    "rolId": 1009,
    "aplicacionId": 1001
  },
  {
    "rolId": 1436,
    "aplicacionId": 1054
  },
  {
    "rolId": 1333,
    "aplicacionId": 1046
  },
  {
    "rolId": 1390,
    "aplicacionId": 1055
  },
  {
    "rolId": 1037,
    "aplicacionId": 1001
  },
  {
    "rolId": 1470,
    "aplicacionId": 1065
  },
  {
    "rolId": 1594,
    "aplicacionId": 52
  },
  {
    "rolId": 1558,
    "aplicacionId": 1068
  },
  {
    "rolId": 1304,
    "aplicacionId": 1024
  },
  {
    "rolId": 1375,
    "aplicacionId": 1023
  },
  {
    "rolId": 1359,
    "aplicacionId": 1048
  },
  {
    "rolId": 1171,
    "aplicacionId": 1009
  },
  {
    "rolId": 1459,
    "aplicacionId": 1051
  },
  {
    "rolId": 1228,
    "aplicacionId": 1042
  },
  {
    "rolId": 1219,
    "aplicacionId": 1034
  },
  {
    "rolId": 1384,
    "aplicacionId": 1054
  },
  {
    "rolId": 1480,
    "aplicacionId": 1073
  },
  {
    "rolId": 1350,
    "aplicacionId": 1009
  },
  {
    "rolId": 1339,
    "aplicacionId": 1009
  },
  {
    "rolId": 1003,
    "aplicacionId": 1001
  },
  {
    "rolId": 1579,
    "aplicacionId": 1117
  },
  {
    "rolId": 1572,
    "aplicacionId": 1112
  },
  {
    "rolId": 1331,
    "aplicacionId": 1046
  },
  {
    "rolId": 1567,
    "aplicacionId": 1110
  },
  {
    "rolId": 1338,
    "aplicacionId": 1046
  },
  {
    "rolId": 1042,
    "aplicacionId": 1051
  },
  {
    "rolId": 1392,
    "aplicacionId": 1009
  },
  {
    "rolId": 1454,
    "aplicacionId": 1051
  },
  {
    "rolId": 1533,
    "aplicacionId": 1104
  },
  {
    "rolId": 1484,
    "aplicacionId": 1055
  },
  {
    "rolId": 1604,
    "aplicacionId": 1068
  },
  {
    "rolId": 1616,
    "aplicacionId": 1129
  },
  {
    "rolId": 1554,
    "aplicacionId": 54
  },
  {
    "rolId": 1177,
    "aplicacionId": 1046
  },
  {
    "rolId": 1577,
    "aplicacionId": 1116
  },
  {
    "rolId": 1038,
    "aplicacionId": 1001
  },
  {
    "rolId": 1325,
    "aplicacionId": 1017
  },
  {
    "rolId": 1565,
    "aplicacionId": 1110
  },
  {
    "rolId": 1515,
    "aplicacionId": 1101
  },
  {
    "rolId": 1218,
    "aplicacionId": 1009
  },
  {
    "rolId": 1569,
    "aplicacionId": 1113
  }
]
