[
    {
      "opcionOrigenId": 0,
      "tipoOpcionId": 562,
      "tipoAplicacionId": 557,
      "aplicacionId": 1001,
      "subsistemaId": 1005,
      "estadoOpcionId": 1098,
      "nombre": "Paginas",
      "descripcion": "PAginas",
      "link": "",
      "icono": "fa fa-sun",
      "subOpcionesList": [],
      "id": 4152
    },
    {
      "opcionOrigenId": 4152,
      "tipoOpcionId": 562,
      "tipoAplicacionId": 557,
      "aplicacionId": 1001,
      "subsistemaId": 1005,
      "estadoOpcionId": 1098,
      "nombre": "Maestro",
      "descripcion": "Módulo de Cards",
      "link": "/master",
      "icono": "fa fa-fish",
      "subOpcionesList": [],
      "id": 4153
    },
    {
      "opcionOrigenId": 4152,
      "tipoOpcionId": 562,
      "tipoAplicacionId": 557,
      "aplicacionId": 1001,
      "subsistemaId": 1005,
      "estadoOpcionId": 1098,
      "nombre": "Detalle",
      "descripcion": "Módulo de Cards",
      "link": "/detail",
      "icono": "fa fa-bug",
      "subOpcionesList": [],
      "id": 4154
    },
    {
      "opcionOrigenId": 4152,
      "tipoOpcionId": 562,
      "tipoAplicacionId": 557,
      "aplicacionId": 1001,
      "subsistemaId": 1005,
      "estadoOpcionId": 1098,
      "nombre": "Formulario",
      "descripcion": "Moódulo de Cards",
      "link": "/form",
      "icono": "fa fa-pencil",
      "subOpcionesList": [],
      "id": 4155
    },
    {
      "opcionOrigenId": 4152,
      "tipoOpcionId": 562,
      "tipoAplicacionId": 557,
      "aplicacionId": 1001,
      "subsistemaId": 1005,
      "estadoOpcionId": 1098,
      "nombre": "Wizard",
      "descripcion": "Moódulo de Cards",
      "link": "/wizard",
      "icono": "fa fa-cube",
      "subOpcionesList": [],
      "id": 4156
    },
    {
      "opcionOrigenId": 0,
      "tipoOpcionId": 562,
      "tipoAplicacionId": 557,
      "aplicacionId": 1001,
      "subsistemaId": 1005,
      "estadoOpcionId": 1098,
      "nombre": "Administracion",
      "descripcion": "Módulo de administracion",
      "link": "",
      "icono": "fa fa-tools",
      "subOpcionesList": [],
      "id": 4174
    },
    {
      "opcionOrigenId": 4174,
      "tipoOpcionId": 562,
      "tipoAplicacionId": 557,
      "aplicacionId": 1001,
      "subsistemaId": 1005,
      "estadoOpcionId": 1098,
      "nombre": "Administracion",
      "descripcion": "Admministracion",
      "link": "/administracion",
      "icono": "fa fa-tools",
      "subOpcionesList": [],
      "id": 4175
    },
    {
      "opcionOrigenId": 0,
      "tipoOpcionId": 562,
      "tipoAplicacionId": 557,
      "aplicacionId": 1001,
      "subsistemaId": 1005,
      "estadoOpcionId": 1098,
      "nombre": "incorporacion",
      "descripcion": "Modulo de incorporacion",
      "link": "",
      "icono": "fa fa-users-gear",
      "subOpcionesList": [],
      "id": 4185
    },
    {
      "opcionOrigenId": 4185,
      "tipoOpcionId": 562,
      "tipoAplicacionId": 557,
      "aplicacionId": 1001,
      "subsistemaId": 1005,
      "estadoOpcionId": 1098,
      "nombre": "Incorporacion",
      "descripcion": "incorporacion y cambio de item",
      "link": "/incorporacion",
      "icono": "fa fa-users-gear",
      "subOpcionesList": [],
      "id": 4187
    }
  ]