[
  {
    "opcionOrigenId": 0,
    "tipoOpcionId": 562,
    "tipoAplicacionId": 557,
    "aplicacionId": 1001,
    "subsistemaId": 1005,
    "estadoOpcionId": 1098,
    "nombre": "Componentes",
    "descripcion": "Componentes",
    "link": "",
    "icono": "fa fa-tools",
    "subOpcionesList": [],
    "id": 9006
  },
  {
    "opcionOrigenId": 9006,
    "tipoOpcionId": 562,
    "tipoAplicacionId": 557,
    "aplicacionId": 1001,
    "subsistemaId": 1005,
    "estadoOpcionId": 1098,
    "nombre": "Botones",
    "descripcion": "Pagina de Botones",
    "link": "/buttons",
    "icono": "fa fa-folder",
    "subOpcionesList": [],
    "id": 9008
  },
  {
    "opcionOrigenId": 9006,
    "tipoOpcionId": 562,
    "tipoAplicacionId": 557,
    "aplicacionId": 1001,
    "subsistemaId": 1005,
    "estadoOpcionId": 1098,
    "nombre": "Outputs",
    "descripcion": "Moódulo de outputs",
    "link": "/outputs",
    "icono": "fa fa-eye",
    "subOpcionesList": [],
    "id": 9009
  },
  {
    "opcionOrigenId": 9006,
    "tipoOpcionId": 562,
    "tipoAplicacionId": 557,
    "aplicacionId": 1001,
    "subsistemaId": 1005,
    "estadoOpcionId": 1098,
    "nombre": "Cards",
    "descripcion": "Moódulo de Cards",
    "link": "/cards",
    "icono": "fa-solid fa-layer-group",
    "subOpcionesList": [],
    "id": 9010
  },
  {
    "opcionOrigenId": 0,
    "tipoOpcionId": 562,
    "tipoAplicacionId": 557,
    "aplicacionId": 1001,
    "subsistemaId": 1005,
    "estadoOpcionId": 1098,
    "nombre": "Paginas",
    "descripcion": "PAginas",
    "link": "",
    "icono": "fa fa-sun",
    "subOpcionesList": [],
    "id": 4152
  },
  {
    "opcionOrigenId": 4152,
    "tipoOpcionId": 562,
    "tipoAplicacionId": 557,
    "aplicacionId": 1001,
    "subsistemaId": 1005,
    "estadoOpcionId": 1098,
    "nombre": "Maestro",
    "descripcion": "Módulo de Cards",
    "link": "/master",
    "icono": "fa fa-fish",
    "subOpcionesList": [],
    "id": 4153
  },
  {
    "opcionOrigenId": 4152,
    "tipoOpcionId": 562,
    "tipoAplicacionId": 557,
    "aplicacionId": 1001,
    "subsistemaId": 1005,
    "estadoOpcionId": 1098,
    "nombre": "Detalle",
    "descripcion": "Módulo de Cards",
    "link": "/detail",
    "icono": "fa fa-bug",
    "subOpcionesList": [],
    "id": 4154
  },
  {
    "opcionOrigenId": 4152,
    "tipoOpcionId": 562,
    "tipoAplicacionId": 557,
    "aplicacionId": 1001,
    "subsistemaId": 1005,
    "estadoOpcionId": 1098,
    "nombre": "Formulario",
    "descripcion": "Moódulo de Cards",
    "link": "/form",
    "icono": "fa fa-pencil",
    "subOpcionesList": [],
    "id": 4155
  },
  {
    "opcionOrigenId": 4152,
    "tipoOpcionId": 562,
    "tipoAplicacionId": 557,
    "aplicacionId": 1001,
    "subsistemaId": 1005,
    "estadoOpcionId": 1098,
    "nombre": "Wizard",
    "descripcion": "Moódulo de Cards",
    "link": "/wizard",
    "icono": "fa fa-cube",
    "subOpcionesList": [],
    "id": 4156
  },
  {
    "opcionOrigenId": 9006,
    "tipoOpcionId": 562,
    "tipoAplicacionId": 557,
    "aplicacionId": 1001,
    "subsistemaId": 1005,
    "estadoOpcionId": 1098,
    "nombre": "Inputs",
    "descripcion": "Moódulo de inputs",
    "link": "/inputs",
    "icono": "fa fa-i-cursor",
    "subOpcionesList": [],
    "id": 4157
  },
  {
    "opcionOrigenId": 9006,
    "tipoOpcionId": 562,
    "tipoAplicacionId": 557,
    "aplicacionId": 1001,
    "subsistemaId": 1005,
    "estadoOpcionId": 1098,
    "nombre": "RadioButton",
    "descripcion": "Moódulo de inputs",
    "link": "/radioButton",
    "icono": "fa fa-circle",
    "subOpcionesList": [],
    "id": 4181
  },
  {
    "opcionOrigenId": 9006,
    "tipoOpcionId": 562,
    "tipoAplicacionId": 557,
    "aplicacionId": 1001,
    "subsistemaId": 1005,
    "estadoOpcionId": 1098,
    "nombre": "CheckBoxButton",
    "descripcion": "Moódulo de inputs",
    "link": "/checkButton",
    "icono": "fa fa-check",
    "subOpcionesList": [],
    "id": 4182
  },


  {
    "opcionOrigenId": 9006,
    "tipoOpcionId": 562,
    "tipoAplicacionId": 557,
    "aplicacionId": 1001,
    "subsistemaId": 1005,
    "estadoOpcionId": 1098,
    "nombre": "Mensajes",
    "descripcion": "Moódulo de mensajes",
    "link": "/messages",
    "icono": "fa-regular fa-message",
    "subOpcionesList": [],
    "id": 5155
  },
  {
    "opcionOrigenId": 9006,
    "tipoOpcionId": 562,
    "tipoAplicacionId": 557,
    "aplicacionId": 1001,
    "subsistemaId": 1005,
    "estadoOpcionId": 1098,
    "nombre": "Layouts",
    "descripcion": "Moódulo de layouts",
    "link": "/layouts",
    "icono": "fa fa-object-group",
    "subOpcionesList": [],
    "id": 4159
  },
  {
    "opcionOrigenId": 9006,
    "tipoOpcionId": 562,
    "tipoAplicacionId": 557,
    "aplicacionId": 1001,
    "subsistemaId": 1005,
    "estadoOpcionId": 1098,
    "nombre": "Clasificadores",
    "descripcion": "Moódulo de layouts",
    "link": "/clasificadores",
    "icono": "fa fa-filter",
    "subOpcionesList": [],
    "id": 4160
  }
]