[
  {
    "rolId": 9006,
    "opcionId": 9006
  },
  {
    "rolId": 9006,
    "opcionId": 9008
  },
  {
    "rolId": 9006,
    "opcionId": 9009
  },
  {
    "rolId": 9006,
    "opcionId": 9010
  },
  {
    "rolId": 9006,
    "opcionId": 4152
  },
  {
    "rolId": 9006,
    "opcionId": 4153
  },
  {
    "rolId": 9006,
    "opcionId": 4154
  },
  {
    "rolId": 9006,
    "opcionId": 4155
  },
  {
    "rolId": 9006,
    "opcionId": 4156
  },
  {
    "rolId": 9006,
    "opcionId": 4157
  },
  {
    "rolId": 9006,
    "opcionId": 5155
  },
  {
    "rolId": 9006,
    "opcionId": 4159
  },
  {
    "rolId": 9006,
    "opcionId": 4160
  },
  {
    "rolId": 9006,
    "opcionId": 4181
  },
  {
    "rolId": 9006,
    "opcionId": 4182
  },

  {
    "rolId": 9006,
    "opcionId": 4161
  },
  {
    "rolId": 9006,
    "opcionId": 4162
  },
  {
    "rolId": 1665,
    "opcionId": 4162
  },
  {
    "rolId": 1664,
    "opcionId": 4162
  },
  {
    "rolId": 9006,
    "opcionId": 4172
  },
  {
    "rolId": 9006,
    "opcionId": 4173
  },
  {
    "rolId": 9006,
    "opcionId": 4174
  },
  {
    "rolId": 9006,
    "opcionId": 4175
  },
  {
    "rolId": 9006,
    "opcionId": 4185
  },
  {
    "rolId": 9006,
    "opcionId": 4187
  }
]
